First Name,Last Name
Adrienne,Adams
Jonathan,Chernaik
Bryce,Dunlap
Daniel,Giacomo
Lexie,Gigous
Rena,Goodfriend-Leve
Boseung,Halliwell
Leslie,Herman
Michael,Levy
Nina,Liu
Robert,Marvin
Amy,Noel
Eun Sun,Paik
Laura,Parise
Benjamin,Shain
Ankita,Sharma
Joshua,Straus
Ravi,Valluripalli
Claire,Brunegraff
Andrea,Busby
Brandy,Crandall
Susan,Lesher
Melanie,Nadell
Jennifer,Nierstheimer
Laura,Pettineo
Ashley,Rolnik
Alexandra,Lee-Elstein
Natalie,Schmitt
Alexis,Silas
Trikina,Banks
Zahava,Davidson
Michael,Jeske
Priya,Kapoor
Lenore,Kurpiel
Stephanie,Lyons
Helene,Moses
Rafael,Rivera
Jeffrey,Sholemson
Susan,Urban
Christina,Wong
Brooke,Zitny
Stephanie,Aylward
Laura,Benson
Nicole,Cruz
Elizabeth,Geary
Leslie,Guidotti-Breting
Navya,Kamath
Alexandra,Kirsch
Alona,Ramati
Christopher,Williams 
